{
  "tau": 100000,
  "ref_auc": 0.954460092421731,
  "results": [
    {
      "name": "driverclass_stint",
      "label": "DriverClass\u00d7Stint",
      "n_seg": 12,
      "n_segments_used": 10,
      "auc": 0.9544752801170927,
      "delta_bp": 0.1518769536168474,
      "rho_test": 0.9996575532721336,
      "wall": 84.14808440208435
    }
  ],
  "survivors": [
    "driverclass_stint"
  ]
}