{
  "tau": 100000,
  "ref_auc": 0.954460092421731,
  "results": [
    {
      "name": "driverclass_stint",
      "label": "DriverClass\u00d7Stint",
      "n_seg": 12,
      "n_segments_used": 10,
      "auc": 0.9544846180649541,
      "delta_bp": 0.2452564322308337,
      "rho_test": 0.9996497510878106,
      "wall": 93.82731771469116
    }
  ],
  "survivors": [
    "driverclass_stint"
  ]
}