{
  "tau": 100000,
  "seeds": [
    42,
    43,
    44,
    45,
    46
  ],
  "bag_auc": 0.9544813141698345,
  "per_seed_auc": [
    0.954460092421731,
    0.9544809090561777,
    0.954475550214553,
    0.9544860060639844,
    0.9544815091462352
  ],
  "reference_auc": 0.954460092421731,
  "delta_bp": 0.21221748103483762,
  "rho_test": 0.999988287186342
}