{
  "round": "R15_Phase1_xendcg_per_seg",
  "oof_auc": 0.8905766676326053,
  "r14_primary_oof": 0.9544865487965586,
  "delta_vs_r14_bp": -639.0988116395324,
  "rho_oof_vs_r14": 0.6428020699981892,
  "rho_test_vs_r14": 0.6627707701182867,
  "fold_walls": [
    115.45534753799438,
    118.3621575832367,
    118.6966667175293,
    118.79239916801453,
    116.5749442577362
  ],
  "wall_total_s": 591.6158485412598,
  "gate_passed": false
}