{
  "tau": 200000,
  "ref_auc": 0.954460092421731,
  "results": [
    {
      "name": "driverclass_stint",
      "label": "DriverClass\u00d7Stint",
      "n_seg": 12,
      "n_segments_used": 10,
      "auc": 0.9544836818008358,
      "delta_bp": 0.23589379104738128,
      "rho_test": 0.9996779394816248,
      "wall": 100.16862535476685
    }
  ],
  "survivors": [
    "driverclass_stint"
  ]
}