{
  "tau": 100000,
  "ref_auc": 0.954460092421731,
  "results": [
    {
      "name": "driverclass_stint",
      "label": "DriverClass\u00d7Stint",
      "n_seg": 12,
      "n_segments_used": 10,
      "auc": 0.9544672139241966,
      "delta_bp": 0.07121502465623486,
      "rho_test": 0.9997570032490197,
      "wall": 189.67622828483582
    }
  ],
  "survivors": []
}