{
  "tau": 100000,
  "ref_auc": 0.954460092421731,
  "results": [
    {
      "name": "driverclass_stint",
      "label": "DriverClass\u00d7Stint",
      "n_seg": 12,
      "n_segments_used": 10,
      "auc": 0.9544902344133723,
      "delta_bp": 0.3014199164130815,
      "rho_test": 0.9995065323899909,
      "wall": 196.33973932266235
    }
  ],
  "survivors": [
    "driverclass_stint"
  ]
}