{
  "round": "R14_Phase2_tabm",
  "oof_auc_full": 0.9385641929301749,
  "fold_aucs": [
    0.9392629061610339,
    0.9354952456028847,
    0.9381328357079384,
    0.9395438382619852,
    0.9413376800929836
  ],
  "walls": [
    884.1111648082733,
    981.9965023994446,
    913.6685872077942,
    870.5598108768463,
    847.6819958686829
  ],
  "target_n_epochs": 200,
  "target_patience": 50,
  "target_lr": 0.0003,
  "seed": 42,
  "n_folds": 5,
  "total_wall_s": 4725.886832714081
}