{
  "tau": 100000,
  "ref_auc": 0.954460092421731,
  "results": [
    {
      "name": "driverclass_stint",
      "label": "DriverClass\u00d7Stint",
      "n_seg": 12,
      "n_segments_used": 10,
      "auc": 0.954482554204127,
      "delta_bp": 0.22461782395954977,
      "rho_test": 0.9996341346496066,
      "wall": 89.53145790100098
    }
  ],
  "survivors": [
    "driverclass_stint"
  ]
}