{
  "K11_OOF_auc": 0.9544266540828631,
  "K4_OOF_auc": 0.9539941895286786,
  "K11_plus_2_OOF_auc": 0.954451126012414,
  "delta_K11_plus_2_bp": 0.24471929550906601,
  "K11_plus_3_OOF_auc": 0.95444811417522,
  "delta_K11_plus_3_bp": 0.21460092356928584,
  "rho_test_vs_K4pathb": 0.9964149954049945,
  "rho_test_vs_K27pathb": 0.9989801168268164,
  "chosen": "Phase D K=11+3",
  "chosen_OOF_auc": 0.95444811417522,
  "wall_seconds": 77.09262251853943
}