{
  "n_train": 439140,
  "n_test": 188165,
  "dae_input_dim": 21,
  "latent_dim": 768,
  "dae_epochs": 20,
  "dae_batch": 4096,
  "dae_hidden": [
    256,
    512,
    256
  ],
  "swap_noise_frac": 0.15,
  "dae_wall_s": 13.384909868240356,
  "latent_extract_wall_s": 2.477369546890259,
  "variants": {
    "d15b_lgbm_dae_full": {
      "oof_auc": 0.9432542489729738,
      "fold_aucs": [
        0.9441347959490357,
        0.9428673124760515,
        0.9432713494781211,
        0.9425624725638223,
        0.9434780838263755
      ],
      "fold_walls": [
        431.3598356246948,
        424.6473476886749,
        433.6816167831421,
        372.85038328170776,
        492.65328884124756
      ],
      "fold_iters": [
        725,
        726,
        728,
        589,
        868
      ]
    },
    "d15b_lgbm_dae_only": {
      "oof_auc": 0.9400701220031551,
      "fold_aucs": [
        0.9420756054649739,
        0.9388625789041437,
        0.94013147365609,
        0.9394468209704459,
        0.939971681426916
      ],
      "fold_walls": [
        412.38028931617737,
        516.8795864582062,
        390.2842321395874,
        421.0987184047699,
        390.6462028026581
      ],
      "fold_iters": [
        785,
        1094,
        726,
        852,
        788
      ]
    }
  },
  "total_wall_s": 4313.673129558563
}