{
  "mode": "probe",
  "variant": "lossguide",
  "auc_fold0": 0.9480928210139578,
  "best_iter_fold0": 799,
  "wall_fold0": 113.06543493270874,
  "two_anchor_proj_s": 1130.6543493270874
}