{
  "mode": "anchor",
  "variant": "lossguide",
  "strat": {
    "auc": 0.9469731167620986,
    "delta_bp": 62.23116762098635,
    "std": 0.0006964173661743933,
    "best_iters": [
      799,
      795,
      798,
      775,
      799
    ],
    "walls": [
      113.29849004745483,
      116.49232053756714,
      118.23823022842407,
      117.19160437583923,
      122.76774215698242
    ]
  },
  "groupkf": {
    "auc": 0.9237740088207043,
    "delta_bp": 31.840088207042427,
    "std": 0.011429480886210696,
    "best_iters": [
      279,
      259,
      218,
      172,
      130
    ],
    "walls": [
      58.50587487220764,
      54.6068754196167,
      46.61312913894653,
      37.99037957191467,
      31.826663970947266
    ]
  }
}