{
  "oof_score": 0.9237740088207043,
  "fold_std": 0.011429480886210696,
  "fold_scores": [
    0.918156323764777,
    0.9114864511284492,
    0.9134708770635298,
    0.940486615146499,
    0.9330550628944916
  ],
  "cv": "groupkf",
  "metric": "roc_auc",
  "delta_vs_baseline_bp": 31.840088207042427,
  "params_used": {
    "iterations": 800,
    "learning_rate": 0.08,
    "l2_leaf_reg": 3.0,
    "random_seed": 42,
    "eval_metric": "AUC",
    "od_type": "Iter",
    "od_wait": 50,
    "verbose": 0,
    "thread_count": -1,
    "allow_writing_files": false,
    "grow_policy": "Lossguide",
    "num_leaves": 64,
    "max_depth": 8
  },
  "cat_cols": [
    "Driver",
    "Race",
    "Compound",
    "Year"
  ],
  "best_iters": [
    279,
    259,
    218,
    172,
    130
  ],
  "fold_walls": [
    58.50587487220764,
    54.6068754196167,
    46.61312913894653,
    37.99037957191467,
    31.826663970947266
  ]
}