{
  "seed42": {
    "strat_auc": 0.9477993921650169,
    "strat_delta_bp": 70.49392165016877,
    "strat_fold_scores": [
      0.9491418172532168,
      0.946820924897659,
      0.9482349787626481,
      0.946983054716503,
      0.9478338267398969
    ],
    "strat_best_iters": [
      3999,
      3996,
      3999,
      3997,
      3999
    ],
    "strat_walls": [
      176.12802386283875,
      143.00086212158203,
      142.21179127693176,
      142.30812191963196,
      142.68363118171692
    ],
    "groupkf_auc": 0.9205421241172002,
    "groupkf_delta_bp": -0.47875882799863767,
    "groupkf_fold_scores": [
      0.9165899711103564,
      0.9098078792883766,
      0.9136550656950087,
      0.9367156857719323,
      0.9325176737003495
    ],
    "groupkf_best_iters": [
      907,
      1157,
      1280,
      949,
      327
    ],
    "groupkf_walls": [
      38.651575803756714,
      47.34384059906006,
      51.3871545791626,
      40.17131423950195,
      19.291288375854492
    ]
  },
  "seed123": {
    "strat_auc": 0.9477883490602006,
    "strat_delta_bp": 70.38349060200622,
    "strat_fold_scores": [
      0.9491244243494805,
      0.9467189518184151,
      0.9482791139847374,
      0.9469506708846567,
      0.9478959696986953
    ],
    "strat_best_iters": [
      3996,
      3999,
      3999,
      3997,
      3998
    ],
    "strat_walls": [
      141.9010808467865,
      141.14456129074097,
      142.1939344406128,
      141.915785074234,
      144.12965559959412
    ],
    "groupkf_auc": 0.9212277936209506,
    "groupkf_delta_bp": 6.377936209506219,
    "groupkf_fold_scores": [
      0.9192981250872183,
      0.9142504904073891,
      0.9147165677160285,
      0.9383396793722858,
      0.9352274676502396
    ],
    "groupkf_best_iters": [
      1620,
      1577,
      2832,
      1460,
      793
    ],
    "groupkf_walls": [
      63.78250527381897,
      63.26706790924072,
      106.93990015983582,
      59.20809769630432,
      36.10707712173462
    ]
  },
  "seed456": {
    "strat_auc": 0.9477738022200269,
    "strat_delta_bp": 70.23802220026964,
    "strat_fold_scores": [
      0.9491709260689621,
      0.9468317864747147,
      0.9482615462744761,
      0.9469471034983329,
      0.9476700937932723
    ],
    "strat_best_iters": [
      3999,
      3998,
      3998,
      3997,
      3999
    ],
    "strat_walls": [
      143.33198952674866,
      140.91306972503662,
      141.82633304595947,
      143.2100522518158,
      143.10588598251343
    ],
    "groupkf_auc": 0.9220061312957004,
    "groupkf_delta_bp": 14.161312957003958,
    "groupkf_fold_scores": [
      0.9157619521801271,
      0.9048187774657596,
      0.9131575127516294,
      0.9389070589893898,
      0.9348742507795172
    ],
    "groupkf_best_iters": [
      599,
      930,
      1697,
      2624,
      815
    ],
    "groupkf_walls": [
      28.36233115196228,
      39.876171827316284,
      65.59767508506775,
      99.98870944976807,
      36.00060319900513
    ]
  },
  "bag_strat": {
    "auc": 0.9479032679653875,
    "delta_bp": 71.5326796538751,
    "seeds": [
      42,
      123,
      456
    ]
  },
  "bag_groupkf": {
    "auc": 0.9232166184651542,
    "delta_bp": 26.26618465154218,
    "seeds": [
      42,
      123,
      456
    ]
  },
  "total_wall_s": 2970.469688653946,
  "completed_seeds": [
    42,
    123,
    456
  ]
}