{
  "mode": "probe",
  "variant": "year-cat",
  "auc_fold0": 0.9479496888433923,
  "best_iter_fold0": 799,
  "wall_fold0": 121.33648753166199,
  "two_anchor_proj_s": 1213.3648753166199
}