{
  "mode": "anchor",
  "variant": "year-cat",
  "strat": {
    "auc": 0.9467900032096305,
    "delta_bp": 60.400032096304955,
    "std": 0.000775623303720979,
    "best_iters": [
      799,
      799,
      799,
      799,
      799
    ],
    "walls": [
      118.23291778564453,
      117.14957571029663,
      117.79933643341064,
      118.71171426773071,
      113.52939367294312
    ]
  },
  "groupkf": {
    "auc": 0.9199188638817952,
    "delta_bp": -6.711361182047959,
    "std": 0.015632610157932086,
    "best_iters": [
      171,
      100,
      229,
      489,
      387
    ],
    "walls": [
      32.737520933151245,
      22.65764331817627,
      41.26385974884033,
      77.92885756492615,
      64.1765546798706
    ]
  }
}