{
  "oof_score": 0.9162784174359905,
  "fold_std": 0.015864626381118786,
  "fold_scores": [
    0.905814574279899,
    0.905820051179648,
    0.8968879280072013,
    0.9362019307378949,
    0.9327030480058798
  ],
  "cv": "GroupKFold(Race)",
  "metric": "roc_auc",
  "delta_vs_baseline_bp": -43.115825640095416,
  "alpha": 80.0
}