{
  "oof_score": 0.939147782235094,
  "fold_std": 0.008689361088500745,
  "fold_scores": [
    0.9353337228268385,
    0.9288938111204335,
    0.9284674729161684,
    0.9474913027150074,
    0.948342732443604
  ],
  "cv": "GroupKFold(5) on Race",
  "metric": "roc_auc",
  "delta_vs_baseline_bp": 185.57782235093967
}