{
  "oof_score": 0.9430138741895819,
  "fold_std": 0.000761295791522385,
  "fold_scores": [
    0.9439586278345652,
    0.9420252515122857,
    0.9432279194370493,
    0.9422739347774676,
    0.9436743608362889
  ],
  "cv": "StratifiedKFold(5, seed=42)",
  "metric": "roc_auc",
  "delta_vs_baseline_bp": 22.638741895819603
}