{
  "oof_score": 0.9369168837946785,
  "fold_std": 0.000825132361737719,
  "fold_scores": [
    0.9378611967178102,
    0.936041042290013,
    0.9374018818289828,
    0.9358509854321543,
    0.9375301226977882
  ],
  "cv": "StratifiedKFold(5)",
  "metric": "roc_auc",
  "delta_vs_baseline_bp": -38.33116205321452,
  "delta_vs_d2a_bp": 2.1688379467854624,
  "alpha": 80.0,
  "te_keys": [
    "Driver",
    "Race",
    "Compound",
    "Driver_Race",
    "Race_Compound",
    "Driver_Compound",
    "Race_LapBin"
  ],
  "lap_bin_q": 10,
  "lap_bin_edges": [
    0.0128205118205128,
    0.0526315789473684,
    0.1,
    0.1538461538461538,
    0.2077922077922078,
    0.2692307692307692,
    0.358974358974359,
    0.4615384615384615,
    0.5769230769230769,
    0.7222222222222222,
    1.000000001
  ]
}