{
  "oof_score": 0.9213566460999745,
  "fold_std": 0.01241285661303648,
  "fold_scores": [
    0.9164715738623539,
    0.910290772709166,
    0.9087739000933893,
    0.939930239451924,
    0.9323561815754581
  ],
  "cv": "GroupKFold(Race)",
  "metric": "roc_auc",
  "delta_vs_baseline_bp": 7.666460999744551,
  "roll_window": 5
}