{
  "specialist_oof_within_s2": 0.9039042760941014,
  "m5h_oof_within_s2": 0.916310294518237,
  "delta_specialist_vs_m5h_on_s2_bp": -124.06018424135578,
  "blend_oof_replace": 0.9473121149392928,
  "delta_blend_vs_m5h_bp": -31.17885060707204,
  "n_train_s2": 129536,
  "n_test_s2": 55330,
  "fold_scores": [
    0.903640428575696,
    0.90476407660454,
    0.9005934157238557,
    0.9055668472517758,
    0.9050060719892036
  ]
}