{
  "m5h_oof_within_s2": 0.916310294518237,
  "s2_meta_within_s2": 0.9164435048229814,
  "delta_s2meta_vs_m5h_on_s2_bp": 1.3321030474444662,
  "blend_oof": 0.950494760960377,
  "delta_blend_vs_m5h_bp": 0.6476096037699719
}