{
  "oof_score": 0.9334789117991419,
  "partial_folds": 3,
  "fold_scores": [
    0.9343549967551802,
    0.9330594385318483,
    0.9330411640138543
  ],
  "fold_walls": [
    163.9480345249176,
    174.90518832206726,
    191.45563673973083
  ],
  "cv": "StratifiedKFold(5)",
  "metric": "roc_auc"
}