{
  "mode": "anchor",
  "strat_oof": 0.905076198049675,
  "delta_bp": -356.7380195032499,
  "delta_m5h_bp": -453.5380195032501,
  "std": 0.002410590017062491,
  "best_iters": [
    506,
    509,
    440,
    371,
    322
  ],
  "walls": [
    171.53655433654785,
    171.18606877326965,
    154.00466585159302,
    140.35482621192932,
    167.62610912322998
  ]
}