{
  "mode": "smoke",
  "auc": 0.8609628965355579,
  "best_iter": 101,
  "wall": 6.084387540817261
}