{
  "lgbm_shallow": {
    "strat_oof": 0.9504779229278894,
    "delta_m5q_bp": -0.9207707211067451,
    "rho_vs_m5q_test": 0.995082485138568,
    "gate": "PASS",
    "wall": 30.65029549598694,
    "best_iters": [
      598,
      347,
      464,
      584,
      547
    ]
  },
  "lgbm_medium": {
    "strat_oof": 0.9504718826286155,
    "delta_m5q_bp": -0.9811737138454291,
    "rho_vs_m5q_test": 0.9943640852678367,
    "gate": "PASS",
    "wall": 34.6693799495697,
    "best_iters": [
      452,
      308,
      338,
      358,
      420
    ]
  },
  "hgbc": {
    "strat_oof": 0.9504198806038707,
    "delta_m5q_bp": -1.5011939612930014,
    "rho_vs_m5q_test": 0.9948954897457948,
    "gate": "PASS",
    "wall": 28.540847301483154,
    "best_iters": null
  }
}