{
  "oof": 0.879844938583011,
  "delta_bp": -609.0506141698893,
  "delta_m5q_bp": -707.2506141698898,
  "std": 0.0011433596127409444,
  "walls": [
    3.4294164180755615,
    2.391062021255493,
    2.026615858078003,
    1.9332451820373535,
    1.9304025173187256
  ]
}