{
  "new_base": "yetirank",
  "standalone_oof": 0.905076198049675,
  "rho_vs_m5q_test": 0.6661373104229686,
  "rho_vs_pool_consensus": 0.666017990907135,
  "m5x_stack_oof": 0.9505717843817899,
  "delta_m5q_bp": 0.017843817898821612,
  "rho_stack_vs_m5q": 0.9996550251653026,
  "gate": "TIE_EXPECTED",
  "K": 15,
  "l1": {
    "baseline": 0.3280955150266506,
    "d2a_te": 0.1646846094573131,
    "m2_xgb": 0.16760093330125597,
    "e1_cb_sub": 0.3037815082846459,
    "e3_hgbc": 0.2954330076810777,
    "e5_optuna_lgbm": 0.5648887613202374,
    "a_horizon": 0.0831599307054043,
    "b_lapsuntilpit": 0.7063104303720729,
    "f1_hgbc_deep": 0.3203922811517448,
    "f2_hgbc_shallow": 0.22084681534903927,
    "cb_year-cat": 0.2913044643795116,
    "cb_lossguide": 0.26049355971725335,
    "cb_slow-wide-bag": 0.18038797981953184,
    "realmlp": 0.33270892121812545,
    "yetirank": 0.2054324420097018
  },
  "l1_yetirank_rank": 11,
  "pool": [
    "baseline",
    "d2a_te",
    "m2_xgb",
    "e1_cb_sub",
    "e3_hgbc",
    "e5_optuna_lgbm",
    "a_horizon",
    "b_lapsuntilpit",
    "f1_hgbc_deep",
    "f2_hgbc_shallow",
    "cb_year-cat",
    "cb_lossguide",
    "cb_slow-wide-bag",
    "realmlp",
    "yetirank"
  ]
}