{
  "M5_K15a": {
    "K": 15,
    "strat": 0.9505636683142362,
    "delta_m5q_bp": -0.06331685763805162,
    "spearman_vs_m5q": 0.9999089152265023,
    "recursive_l1": 0.8411643605071082,
    "gate": "TIE_EXPECTED",
    "l1": {
      "baseline": 0.34349105669807034,
      "d2a_te": 0.6710147583561195,
      "m2_xgb": 0.17825475862069878,
      "e1_cb_sub": 0.2740254431198803,
      "e3_hgbc": 0.24480568829242327,
      "e5_optuna_lgbm": 0.8386012008635244,
      "a_horizon": 0.6581636491797572,
      "b_lapsuntilpit": 0.6359250695105053,
      "f1_hgbc_deep": 0.3573830449288282,
      "f2_hgbc_shallow": 0.4276205897454355,
      "cb_year-cat": 0.2576051873434679,
      "cb_lossguide": 0.23639180255206105,
      "cb_slow-wide-bag": 1.059616360893875,
      "realmlp": 0.4217799293585669,
      "recursive": 0.8411643605071082
    },
    "pool": [
      "baseline",
      "d2a_te",
      "m2_xgb",
      "e1_cb_sub",
      "e3_hgbc",
      "e5_optuna_lgbm",
      "a_horizon",
      "b_lapsuntilpit",
      "f1_hgbc_deep",
      "f2_hgbc_shallow",
      "cb_year-cat",
      "cb_lossguide",
      "cb_slow-wide-bag",
      "realmlp",
      "recursive"
    ]
  },
  "M5_K15b": {
    "K": 14,
    "strat": 0.9505346061268236,
    "delta_m5q_bp": -0.35393873176414736,
    "spearman_vs_m5q": 0.9997066629861157,
    "recursive_l1": 0.2556887670147508,
    "gate": "TIE_EXPECTED",
    "l1": {
      "baseline": 0.30301171229219465,
      "d2a_te": 0.1897752724757919,
      "m2_xgb": 0.1416550364670226,
      "e1_cb_sub": 0.2867698223479778,
      "e5_optuna_lgbm": 0.48388475808995557,
      "a_horizon": 0.07717752319335279,
      "b_lapsuntilpit": 0.5662518663142849,
      "f1_hgbc_deep": 0.2906859407351142,
      "f2_hgbc_shallow": 0.2347389086657493,
      "cb_year-cat": 0.2560270190636074,
      "cb_lossguide": 0.23721229219035375,
      "cb_slow-wide-bag": 0.15136807910353894,
      "realmlp": 0.25927991664022154,
      "recursive": 0.2556887670147508
    },
    "pool": [
      "baseline",
      "d2a_te",
      "m2_xgb",
      "e1_cb_sub",
      "e5_optuna_lgbm",
      "a_horizon",
      "b_lapsuntilpit",
      "f1_hgbc_deep",
      "f2_hgbc_shallow",
      "cb_year-cat",
      "cb_lossguide",
      "cb_slow-wide-bag",
      "realmlp",
      "recursive"
    ]
  },
  "M5_K15c": {
    "K": 13,
    "strat": 0.9504465461562,
    "delta_m5q_bp": -1.2345384380008095,
    "spearman_vs_m5q": 0.9992217771805115,
    "recursive_l1": 0.3449733642839541,
    "gate": "TIE_LIKELY",
    "l1": {
      "baseline": 0.2839175370827063,
      "d2a_te": 0.18149247109805222,
      "m2_xgb": 0.1213883671453843,
      "e1_cb_sub": 0.23650716199028254,
      "e3_hgbc": 0.36159336184636515,
      "e5_optuna_lgbm": 0.455794116889837,
      "a_horizon": 0.0925514903882233,
      "b_lapsuntilpit": 0.5759498823555522,
      "cb_year-cat": 0.22123477201194125,
      "cb_lossguide": 0.2257912097985529,
      "cb_slow-wide-bag": 0.18642227228791838,
      "realmlp": 0.24181947195650327,
      "recursive": 0.3449733642839541
    },
    "pool": [
      "baseline",
      "d2a_te",
      "m2_xgb",
      "e1_cb_sub",
      "e3_hgbc",
      "e5_optuna_lgbm",
      "a_horizon",
      "b_lapsuntilpit",
      "cb_year-cat",
      "cb_lossguide",
      "cb_slow-wide-bag",
      "realmlp",
      "recursive"
    ]
  }
}