{
  "bases": {
    "baseline_two_anchor": {
      "rebuilt_oof": 0.9426477009121877,
      "anchor": 0.94075,
      "delta_bp": 18.97700912187772,
      "rho_vs_orig": 0.995942096092751,
      "fold_aucs": [
        0.9435608602186804,
        0.9417236625902834,
        0.9427585763285722,
        0.9420109030713057,
        0.9432300032591564
      ],
      "fold_walls_s": [
        14.156795501708984,
        13.812676429748535,
        14.58350682258606,
        14.928914308547974,
        16.60439896583557
      ],
      "total_wall_s": 74.65119075775146
    },
    "m2_xgb": {
      "rebuilt_oof": 0.946394932562185,
      "anchor": 0.94507,
      "delta_bp": 13.249325621850216,
      "rho_vs_orig": 0.9952047965081287,
      "fold_aucs": [
        0.9474633028173257,
        0.9455152314089491,
        0.946343040721287,
        0.945848472954338,
        0.9468321935601808
      ],
      "fold_walls_s": [
        27.677598476409912,
        22.82867741584778,
        26.710705757141113,
        27.82912850379944,
        27.781233549118042
      ],
      "total_wall_s": 133.36162209510803
    },
    "e5_optuna_lgbm": {
      "rebuilt_oof": 0.947920829538283,
      "anchor": 0.94736,
      "delta_bp": 5.608295382830697,
      "rho_vs_orig": 0.9970899116207587,
      "fold_aucs": [
        0.9490421047161514,
        0.9470663962137774,
        0.9479393127105066,
        0.9471376723647853,
        0.9484315258072762
      ],
      "fold_walls_s": [
        62.93758201599121,
        60.859952449798584,
        63.96179223060608,
        63.19460988044739,
        65.40693759918213
      ],
      "total_wall_s": 316.8987784385681
    },
    "f1_hgbc_deep": {
      "rebuilt_oof": 0.9491439379892157,
      "anchor": 0.9487,
      "delta_bp": 4.439379892157147,
      "rho_vs_orig": 0.9953241939394811,
      "fold_aucs": [
        0.9502488298266235,
        0.9481927557442176,
        0.9491712493076049,
        0.9482913550162406,
        0.9498310181316013
      ],
      "fold_walls_s": [
        17.162401914596558,
        15.450032472610474,
        18.024635791778564,
        17.845741033554077,
        18.024652004241943
      ],
      "total_wall_s": 86.98358726501465
    },
    "f2_hgbc_shallow": {
      "rebuilt_oof": 0.9488166257891355,
      "anchor": 0.94861,
      "delta_bp": 2.066257891355505,
      "rho_vs_orig": 0.9965643703081313,
      "fold_aucs": [
        0.9498844979027001,
        0.947852739743587,
        0.948974156500044,
        0.9481846994374377,
        0.9492160579897664
      ],
      "fold_walls_s": [
        25.272297143936157,
        24.7308349609375,
        25.318572998046875,
        25.324527978897095,
        21.26692271232605
      ],
      "total_wall_s": 122.38832545280457
    }
  },
  "partial_pseudo_m5q": {
    "strat_oof": 0.9508236652942155,
    "delta_m5q_bp": 2.536652942154438,
    "rho_vs_m5q_test": 0.9983583257916426,
    "gate": "REAL_DELTA",
    "l1": {
      "baseline": 0.5734275631872008,
      "m2_xgb": 0.4087559167949564,
      "e5_optuna_lgbm": 0.7852407811703663,
      "f1_hgbc_deep": 0.6017486335660671,
      "f2_hgbc_shallow": 0.42217012668658666,
      "e3_hgbc": 0.5301563164047953,
      "d2a_te": 0.36969949739950897,
      "e1_cb_sub": 0.5211938088330514,
      "a_horizon": 0.09597292873835847,
      "b_lapsuntilpit": 0.5770273536428996,
      "cb_year-cat": 0.4152526349557105,
      "cb_lossguide": 0.41702865475876183,
      "cb_slow-wide-bag": 0.29514737057829205,
      "realmlp": 0.45761074873411345
    },
    "n_bases": 14
  },
  "decision_rule": "partial_pseudo > 0.95057 + 1bp \u2192 expand to slow rebuilds",
  "proceed_to_phase3": true,
  "total_wall_s": 757.3530893325806
}