{
  "noaux_replicate": {
    "n_features": 28,
    "strat_oof": 0.9504779229278894,
    "delta_m5q_bp": -0.9207707211067451,
    "delta_noaux_bp": -0.020770721106400103,
    "rho_vs_m5q_test": 0.995082485138568,
    "gate": "PASS",
    "wall": 31.261918783187866,
    "best_iters": [
      598,
      347,
      464,
      584,
      547
    ],
    "top_features": [
      [
        "raw__f1_hgbc_deep",
        637293.9610669255
      ],
      [
        "raw__f2_hgbc_shallow",
        455053.6053834617
      ],
      [
        "raw__e3_hgbc",
        228092.4891706705
      ],
      [
        "rank__e3_hgbc",
        188166.93608691692
      ],
      [
        "raw__e5_optuna_lgbm",
        144386.34913578033
      ],
      [
        "rank__f1_hgbc_deep",
        77490.323083961
      ],
      [
        "raw__cb_lossguide",
        69513.87833949327
      ],
      [
        "raw__realmlp",
        54830.958326244356
      ],
      [
        "rank__f2_hgbc_shallow",
        42551.55216565132
      ],
      [
        "raw__cb_slow-wide-bag",
        30492.582852375508
      ],
      [
        "rank__e5_optuna_lgbm",
        23887.021980798243
      ],
      [
        "rank__cb_slow-wide-bag",
        22364.525796318056
      ],
      [
        "rank__realmlp",
        13005.629177427292
      ],
      [
        "rank__cb_lossguide",
        8219.302720546722
      ],
      [
        "raw__b_lapsuntilpit",
        4866.753033173084
      ]
    ]
  },
  "with_aux": {
    "n_features": 38,
    "strat_oof": 0.9504916934737364,
    "delta_m5q_bp": -0.7830652626361623,
    "delta_noaux_bp": 0.1169347373641827,
    "rho_vs_m5q_test": 0.9947579171328984,
    "gate": "PASS",
    "wall": 38.16943955421448,
    "best_iters": [
      640,
      331,
      389,
      554,
      550
    ],
    "top_features": [
      [
        "raw__f1_hgbc_deep",
        566515.0272192002
      ],
      [
        "raw__f2_hgbc_shallow",
        391653.21939638257
      ],
      [
        "aux__median",
        292243.399660325
      ],
      [
        "raw__e3_hgbc",
        287292.68018813134
      ],
      [
        "raw__e5_optuna_lgbm",
        91042.76841377318
      ],
      [
        "rank__f1_hgbc_deep",
        80376.17694828511
      ],
      [
        "rank__e3_hgbc",
        77560.88499972821
      ],
      [
        "rank__f2_hgbc_shallow",
        63266.25352382064
      ],
      [
        "raw__cb_lossguide",
        30518.42252857685
      ],
      [
        "raw__realmlp",
        29772.62149016857
      ],
      [
        "aux__mean",
        23790.963529920577
      ],
      [
        "raw__cb_slow-wide-bag",
        14660.170216310024
      ],
      [
        "rank__realmlp",
        10341.766925024986
      ],
      [
        "rank__cb_lossguide",
        10223.951716327667
      ],
      [
        "rank__cb_slow-wide-bag",
        10181.8472584486
      ]
    ]
  }
}