{
  "K": 16,
  "strat_oof": 0.9506262258401253,
  "delta_m5q_bp": 0.562258401253235,
  "rho_vs_m5q_test": 0.9997019791469148,
  "pred_lb": 0.9501062258401253,
  "l1_ranking": {
    "baseline": 0.39412178898241246,
    "d2a_te": 0.3168147845094026,
    "m2_xgb": 0.21305250476781823,
    "e1_cb_sub": 0.3744282989360616,
    "e3_hgbc": 0.322564893636329,
    "e5_optuna_lgbm": 0.6457933984271514,
    "a_horizon": 0.44204992118860237,
    "b_lapsuntilpit": 0.6082196861385477,
    "f1_hgbc_deep": 0.28178397779799735,
    "f2_hgbc_shallow": 0.2025468054010207,
    "cb_year-cat": 0.3160910469737698,
    "cb_lossguide": 0.27449535883175596,
    "cb_slow-wide-bag": 0.39403739461394277,
    "realmlp": 0.4559499321897325,
    "recursive": 0.5637560806165629,
    "rule_residual": 1.4216464925631618
  }
}