{
  "V1_lr_expand": {
    "strat_oof": 0.9505526657956138,
    "delta_m5q_bp": -0.1733420438621014,
    "spearman_vs_m5q": 0.9999608588306076,
    "pred_gap_bp": -5.2,
    "pred_lb": 0.9500326657956137
  },
  "V2_prob_avg": {
    "strat_oof": 0.9503947049471315,
    "delta_m5q_bp": -1.752950528685071,
    "spearman_vs_m5q": 0.99747643996452,
    "pred_gap_bp": -6.2,
    "pred_lb": 0.9497747049471315
  },
  "V3_rank_avg": {
    "strat_oof": 0.9504067048450351,
    "delta_m5q_bp": -1.6329515496493752,
    "spearman_vs_m5q": 0.9978216173198503,
    "pred_gap_bp": -6.2,
    "pred_lb": 0.949786704845035
  },
  "V4_lgbm_shallow": {
    "strat_oof": 0.9505008844328812,
    "delta_m5q_bp": -0.6911556711886035,
    "spearman_vs_m5q": 0.9977074561869773,
    "pred_gap_bp": -6.2,
    "pred_lb": 0.9498808844328811
  }
}