{
  "seed42_oof": 0.9458222745589113,
  "seed123_3fold_oof_covered": 0.9462358943660287,
  "seed123_fold_aucs": [
    0.94724,
    0.94535,
    0.94619
  ],
  "seed123_coverage_pct": 60.0,
  "path_B": {
    "strat_oof": 0.9506475901523181,
    "delta_d6_k18_bp": -0.024098476818501524,
    "rho_vs_d6_k18_test": 0.9995515981248552
  },
  "path_C": {
    "strat_oof": 0.95065762816729,
    "delta_d6_k18_bp": 0.07628167290052446,
    "rho_vs_d6_k18_test": 0.999640883730525
  }
}