{
  "stacks": {
    "K20_swap_R14_L0_baseline": {
      "K": 20,
      "strat_oof": 0.9506617351973055,
      "delta_primary_bp": 0.11735197305462464,
      "rho_vs_primary_test": 0.9997979753013885,
      "pred_lb": 0.9502717351973055,
      "delta_lb_bp": 0.11735197305462464,
      "l1_ranking": {
        "baseline": 0.4201967519507287,
        "d2a_te": 0.5817315028552923,
        "m2_xgb": 0.25609688901961747,
        "e1_cb_sub": 0.39324938182333163,
        "e3_hgbc": 0.5180546421226332,
        "e5_optuna_lgbm": 0.7645532899721774,
        "a_horizon": 0.6453549401526739,
        "b_lapsuntilpit": 0.5616149582145097,
        "f1_hgbc_deep": 0.39993630796281043,
        "f2_hgbc_shallow": 0.303036914966181,
        "cb_year-cat": 0.3279930339542283,
        "cb_lossguide": 0.3292025051070594,
        "cb_slow-wide-bag": 0.5087115266042957,
        "realmlp": 0.6528670839672773,
        "rule_driver_compound": 1.1395006781638417,
        "rule_year_race": 0.5821109507507716,
        "R6_next_compound": 0.45454933023406235,
        "R10_driver_eb": 0.3736495513047896,
        "R7_prev_compound": 0.7394004347189886,
        "R14_L0_baseline": 0.6216539977717201
      }
    },
    "K20_swap_R14_L2_with_numerics": {
      "K": 20,
      "strat_oof": 0.9506676366739025,
      "delta_primary_bp": 0.1763667390253243,
      "rho_vs_primary_test": 0.999759524511629,
      "pred_lb": 0.9502776366739025,
      "delta_lb_bp": 0.1763667390253243,
      "l1_ranking": {
        "baseline": 0.4564218002894893,
        "d2a_te": 0.635213550599839,
        "m2_xgb": 0.24968565813631552,
        "e1_cb_sub": 0.40933256915038463,
        "e3_hgbc": 0.5373110529247855,
        "e5_optuna_lgbm": 0.789303673236303,
        "a_horizon": 0.668623229810224,
        "b_lapsuntilpit": 0.5767314269032952,
        "f1_hgbc_deep": 0.42534287483788136,
        "f2_hgbc_shallow": 0.29517257358951265,
        "cb_year-cat": 0.3706557475890281,
        "cb_lossguide": 0.3571289971399051,
        "cb_slow-wide-bag": 0.5248629493897381,
        "realmlp": 0.7146286948036453,
        "rule_driver_compound": 1.1005162989872599,
        "rule_year_race": 0.6883702610634338,
        "R6_next_compound": 0.4690478358291141,
        "R10_driver_eb": 0.37661523041947315,
        "R7_prev_compound": 0.6949887827477547,
        "R14_L2_with_numerics": 0.28004428869782133
      }
    },
    "K20_swap_R14_L3_with_compound_2way": {
      "K": 20,
      "strat_oof": 0.9506625401866409,
      "delta_primary_bp": 0.1254018664087475,
      "rho_vs_primary_test": 0.9997693634837799,
      "pred_lb": 0.9502725401866409,
      "delta_lb_bp": 0.1254018664087475,
      "l1_ranking": {
        "baseline": 0.40654087990787563,
        "d2a_te": 0.5402474734597391,
        "m2_xgb": 0.2551855409020225,
        "e1_cb_sub": 0.4418321371940736,
        "e3_hgbc": 0.5068772627868313,
        "e5_optuna_lgbm": 0.7401062525789737,
        "a_horizon": 0.6023463749143411,
        "b_lapsuntilpit": 0.5508029443889512,
        "f1_hgbc_deep": 0.4278116555565987,
        "f2_hgbc_shallow": 0.24051209185900813,
        "cb_year-cat": 0.39295150471920304,
        "cb_lossguide": 0.3543667001724222,
        "cb_slow-wide-bag": 0.4125968773728168,
        "realmlp": 0.6482156626847042,
        "rule_driver_compound": 0.9876313906171217,
        "rule_year_race": 0.6374514569819358,
        "R6_next_compound": 0.4499440850640311,
        "R10_driver_eb": 0.3126643933066954,
        "R7_prev_compound": 0.5637349642667028,
        "R14_L3_with_compound_2way": 0.23395285904884375
      }
    },
    "K20_swap_R14_L4_with_driver_numerics": {
      "K": 20,
      "strat_oof": 0.9506692029593797,
      "delta_primary_bp": 0.1920295937973826,
      "rho_vs_primary_test": 0.9997849636564133,
      "pred_lb": 0.9502792029593797,
      "delta_lb_bp": 0.1920295937973826,
      "l1_ranking": {
        "baseline": 0.4839730565819045,
        "d2a_te": 0.7009027319071945,
        "m2_xgb": 0.2524170369695893,
        "e1_cb_sub": 0.42841699223246954,
        "e3_hgbc": 0.5549985554366319,
        "e5_optuna_lgbm": 0.8168490465945886,
        "a_horizon": 0.6468586610548069,
        "b_lapsuntilpit": 0.6014693223900823,
        "f1_hgbc_deep": 0.4180669790824904,
        "f2_hgbc_shallow": 0.3458239321270251,
        "cb_year-cat": 0.37564316132498227,
        "cb_lossguide": 0.350902840055176,
        "cb_slow-wide-bag": 0.6130552111217497,
        "realmlp": 0.7149634962567969,
        "rule_driver_compound": 1.1197563175852767,
        "rule_year_race": 0.6850849835590778,
        "R6_next_compound": 0.44597146437352864,
        "R10_driver_eb": 0.39944425527320093,
        "R7_prev_compound": 0.7642965698701734,
        "R14_L4_with_driver_numerics": 0.30167136176342657
      }
    },
    "K20_swap_R14_L5_kitchen_sink": {
      "K": 20,
      "strat_oof": 0.950651570982858,
      "delta_primary_bp": 0.01570982858023484,
      "rho_vs_primary_test": 0.9996791499670409,
      "pred_lb": 0.950261570982858,
      "delta_lb_bp": 0.01570982858023484,
      "l1_ranking": {
        "baseline": 0.4404288016113235,
        "d2a_te": 0.34203966144402986,
        "m2_xgb": 0.27649376696702815,
        "e1_cb_sub": 0.43913471890266953,
        "e3_hgbc": 0.46940050677542666,
        "e5_optuna_lgbm": 0.7249299658393774,
        "a_horizon": 0.5290010359784367,
        "b_lapsuntilpit": 0.4363825291611767,
        "f1_hgbc_deep": 0.42585534409013115,
        "f2_hgbc_shallow": 0.2535139008251228,
        "cb_year-cat": 0.4014221183909936,
        "cb_lossguide": 0.36645594070685766,
        "cb_slow-wide-bag": 0.2980849048332166,
        "realmlp": 0.610922453636669,
        "rule_driver_compound": 0.8654751263922861,
        "rule_year_race": 0.5886383978491073,
        "R6_next_compound": 0.4736450328232597,
        "R10_driver_eb": 0.24858300783279205,
        "R7_prev_compound": 0.41354662761186406,
        "R14_L5_kitchen_sink": 0.2991721831709684
      }
    }
  },
  "primary": {
    "strat_oof": 0.95065,
    "lb": 0.95026
  },
  "total_wall_s": 477.82229256629944
}