{
  "stacks": {
    "Sa_K21_full": {
      "K": 21,
      "strat_oof": 0.9506907538867294,
      "delta_primary_bp": 0.407538867294166,
      "rho_vs_primary_test": 0.999726251211599,
      "pred_lb": 0.9503007538867294,
      "delta_lb_bp": 0.407538867294166,
      "l1_ranking": {
        "baseline": 0.4911573487761391,
        "d2a_te": 0.6800336952783701,
        "m2_xgb": 0.2488684764496144,
        "e1_cb_sub": 0.379006964753858,
        "e3_hgbc": 0.5394258087662004,
        "e5_optuna_lgbm": 0.7737560765264778,
        "a_horizon": 0.6312888467722982,
        "b_lapsuntilpit": 0.6414422070127883,
        "f1_hgbc_deep": 0.4104769797001488,
        "f2_hgbc_shallow": 0.31485999161388184,
        "cb_year-cat": 0.35158301305054396,
        "cb_lossguide": 0.34820737388986456,
        "cb_slow-wide-bag": 0.5779335868162924,
        "realmlp": 0.6853547966935333,
        "rule_driver_compound": 1.0728532920133618,
        "rule_year_race": 0.6723734925973869,
        "R6_next_compound": 0.4230667278411718,
        "R10_driver_eb": 0.35280719214251505,
        "R7_prev_compound": 0.7305654353367973,
        "R14_L4": 0.3009210539178123,
        "FM": 0.24547342373604902
      }
    },
    "Sb_K18_R7_FM": {
      "K": 18,
      "strat_oof": 0.9506930817286205,
      "delta_primary_bp": 0.4308172862055315,
      "rho_vs_primary_test": 0.9996815161998373,
      "pred_lb": 0.9503030817286205,
      "delta_lb_bp": 0.4308172862055315,
      "l1_ranking": {
        "baseline": 0.38430435141435915,
        "d2a_te": 0.4002844469777989,
        "m2_xgb": 0.2725122742900404,
        "e1_cb_sub": 0.42378003143285403,
        "e3_hgbc": 0.46748287221479234,
        "e5_optuna_lgbm": 0.7027387795208886,
        "a_horizon": 0.5328840688768918,
        "b_lapsuntilpit": 0.5568575871264257,
        "f1_hgbc_deep": 0.407996220608907,
        "f2_hgbc_shallow": 0.2327282588345639,
        "cb_year-cat": 0.39364765921446776,
        "cb_lossguide": 0.35559727067219565,
        "cb_slow-wide-bag": 0.341972783139042,
        "realmlp": 0.6202086383625831,
        "rule_driver_compound": 1.0303250004625433,
        "rule_year_race": 0.7626916651368866,
        "R7_prev_compound": 0.46990535958787716,
        "FM": 0.2292672156072561
      }
    },
    "Sc_K17_FM_solo": {
      "K": 17,
      "strat_oof": 0.9506869200123721,
      "delta_primary_bp": 0.36920012372099187,
      "rho_vs_primary_test": 0.999768191137706,
      "pred_lb": 0.9502969200123721,
      "delta_lb_bp": 0.36920012372099187,
      "l1_ranking": {
        "baseline": 0.576558091654187,
        "d2a_te": 0.8001467657061454,
        "m2_xgb": 0.25011275428637375,
        "e1_cb_sub": 0.3434877545680897,
        "e3_hgbc": 0.5877234829197721,
        "e5_optuna_lgbm": 0.8456470073925153,
        "a_horizon": 0.6449687972995228,
        "b_lapsuntilpit": 0.5802347286892469,
        "f1_hgbc_deep": 0.4232289364209916,
        "f2_hgbc_shallow": 0.31941788137159793,
        "cb_year-cat": 0.36932027366892384,
        "cb_lossguide": 0.38904477808031834,
        "cb_slow-wide-bag": 0.7711818203885967,
        "realmlp": 0.7226887784271521,
        "rule_driver_compound": 1.1955249652508975,
        "rule_year_race": 0.8470289888774695,
        "FM": 0.26484216758641327
      }
    },
    "Sd_K20_swap_FM": {
      "K": 20,
      "strat_oof": 0.9507028167542344,
      "delta_primary_bp": 0.5281675423440824,
      "rho_vs_primary_test": 0.9997278727865814,
      "pred_lb": 0.9503128167542344,
      "delta_lb_bp": 0.5281675423440824,
      "l1_ranking": {
        "baseline": 0.3946429891144423,
        "d2a_te": 0.5148787144555355,
        "m2_xgb": 0.26529663519948493,
        "e1_cb_sub": 0.38737273245047366,
        "e3_hgbc": 0.49287135527179904,
        "e5_optuna_lgbm": 0.7192162202153486,
        "a_horizon": 0.56903272450136,
        "b_lapsuntilpit": 0.5854245443010138,
        "f1_hgbc_deep": 0.41074952063914544,
        "f2_hgbc_shallow": 0.24288401328759723,
        "cb_year-cat": 0.37119023933280926,
        "cb_lossguide": 0.34297491871550434,
        "cb_slow-wide-bag": 0.3948047664698551,
        "realmlp": 0.6347345508056541,
        "rule_driver_compound": 0.9210755738981449,
        "rule_year_race": 0.6043791631237859,
        "R6_next_compound": 0.4110379788604327,
        "R10_driver_eb": 0.27504200903098214,
        "R7_prev_compound": 0.5455405759700396,
        "FM": 0.2471065967660736
      }
    }
  },
  "primary": {
    "strat_oof": 0.95065,
    "lb": 0.95026
  },
  "total_wall_s": 267.7636604309082
}