{
  "results": {
    "ffm_standalone": {
      "std_oof": 0.9186879336335483,
      "rho_vs_primary": 0.8860951145875781,
      "min_meta_oof": 0.9506947997527815,
      "delta_primary_bp": -0.052002472185064263,
      "min_meta_pass": false
    },
    "K20_swap_es2": {
      "K": 20,
      "strat_oof": 0.9506740871296067,
      "delta_primary_bp": -0.2591287039332979,
      "rho_vs_primary": 0.9998517976187248,
      "l1_ranking": {
        "baseline": 0.4128595038361734,
        "d2a_te": 0.3516101833049989,
        "m2_xgb": 0.28082467152227325,
        "e1_cb_sub": 0.41752288691718625,
        "e3_hgbc": 0.4786320793165306,
        "e5_optuna_lgbm": 0.7116306233617257,
        "a_horizon": 0.5444133771166245,
        "b_lapsuntilpit": 0.5208279672753571,
        "f1_hgbc_deep": 0.4399526929465696,
        "f2_hgbc_shallow": 0.2719765217749042,
        "cb_year-cat": 0.40068559413896165,
        "cb_lossguide": 0.37653969937926535,
        "cb_slow-wide-bag": 0.2936792214833985,
        "realmlp": 0.6150914176034309,
        "rule_driver_compound": 0.8843951572149599,
        "rule_year_race": 0.6176137740344323,
        "R6_next_compound": 0.5106272610891757,
        "R10_driver_eb": 0.21870319043367054,
        "R7_prev_compound": 0.38614977217592994,
        "FFM": 0.2517761463301321
      }
    },
    "K21_add_es2": {
      "K": 21,
      "strat_oof": 0.9506944277262266,
      "delta_primary_bp": -0.05572273773402081,
      "rho_vs_primary": 0.9999780057744575,
      "l1_ranking": {
        "baseline": 0.42877762485345955,
        "d2a_te": 0.5850656658706388,
        "m2_xgb": 0.2682186153771111,
        "e1_cb_sub": 0.36777591276579236,
        "e3_hgbc": 0.5131211139953559,
        "e5_optuna_lgbm": 0.7454716362144063,
        "a_horizon": 0.602231802157128,
        "b_lapsuntilpit": 0.6866667465940144,
        "f1_hgbc_deep": 0.4119246060679839,
        "f2_hgbc_shallow": 0.2583219375429189,
        "cb_year-cat": 0.3540671816050205,
        "cb_lossguide": 0.34807472757583025,
        "cb_slow-wide-bag": 0.46928090309739956,
        "realmlp": 0.6540207886198499,
        "rule_driver_compound": 0.9974030130463545,
        "rule_year_race": 0.6481657215414707,
        "R6_next_compound": 0.4366896879943687,
        "R10_driver_eb": 0.30764835477369545,
        "R7_prev_compound": 0.6185483222965569,
        "FM_d9c": 0.21755798610195673,
        "FFM": 0.31814886484402943
      }
    }
  },
  "params": {
    "embed_dim": 4,
    "epochs": 2,
    "lr": 0.05,
    "batch": 8192
  },
  "primary": {
    "strat_oof": 0.9507,
    "lb": 0.95029
  },
  "total_wall_s": 241.26847624778748
}