{
  "results": {
    "ffm_standalone": {
      "std_oof": 0.9152536606118223,
      "rho_vs_primary": 0.8767642309517371,
      "min_meta_oof": 0.9506944733063932,
      "delta_primary_bp": -0.05526693606761057,
      "min_meta_pass": false
    },
    "K20_swap_FM_to_FFM": {
      "K": 20,
      "strat_oof": 0.9506665053683154,
      "delta_primary_bp": -0.33494631684560794,
      "rho_vs_primary": 0.9999041800937585,
      "l1_ranking": {
        "baseline": 0.4179174041124447,
        "d2a_te": 0.5846189858123592,
        "m2_xgb": 0.2651029872958234,
        "e1_cb_sub": 0.3881676527699999,
        "e3_hgbc": 0.5148214384419293,
        "e5_optuna_lgbm": 0.7574315377098666,
        "a_horizon": 0.6283804035587468,
        "b_lapsuntilpit": 0.5230445647569829,
        "f1_hgbc_deep": 0.4109492588613639,
        "f2_hgbc_shallow": 0.2816905149819631,
        "cb_year-cat": 0.3456172071909638,
        "cb_lossguide": 0.35086307120848936,
        "cb_slow-wide-bag": 0.46271593648695697,
        "realmlp": 0.6350345272864528,
        "rule_driver_compound": 0.9981950398768444,
        "rule_year_race": 0.6401865364208281,
        "R6_next_compound": 0.4629302696052877,
        "R10_driver_eb": 0.3572800959019589,
        "R7_prev_compound": 0.641167084197694,
        "FFM": 0.30242505725915153
      }
    },
    "K21_add_FFM": {
      "K": 21,
      "strat_oof": 0.9507013945619461,
      "delta_primary_bp": 0.013945619461441794,
      "rho_vs_primary": 0.9999584857578672,
      "l1_ranking": {
        "baseline": 0.46208074141963085,
        "d2a_te": 0.6173583140232307,
        "m2_xgb": 0.24075743424690033,
        "e1_cb_sub": 0.360265059355784,
        "e3_hgbc": 0.509965670152263,
        "e5_optuna_lgbm": 0.7498292935872675,
        "a_horizon": 0.5824787794460193,
        "b_lapsuntilpit": 0.6409999597587382,
        "f1_hgbc_deep": 0.3991179024096646,
        "f2_hgbc_shallow": 0.2918801721931024,
        "cb_year-cat": 0.3420576374689242,
        "cb_lossguide": 0.33523978140575905,
        "cb_slow-wide-bag": 0.5260575495797267,
        "realmlp": 0.6435986002765445,
        "rule_driver_compound": 0.9932548719420281,
        "rule_year_race": 0.6283763942895025,
        "R6_next_compound": 0.39939701342152667,
        "R10_driver_eb": 0.32874642735561244,
        "R7_prev_compound": 0.6706541279318224,
        "FM_d9c": 0.21374690037276356,
        "FFM": 0.3691886093411664
      }
    }
  },
  "params": {
    "embed_dim": 4,
    "epochs": 6,
    "lr": 0.05,
    "batch": 8192
  },
  "primary": {
    "strat_oof": 0.9507,
    "lb": 0.95029
  },
  "total_wall_s": 280.79307532310486
}