{
  "oof_score": 0.916383123634768,
  "fold_std": 0.012453890492799592,
  "fold_scores": [
    0.9165774980781172,
    0.9050358977418437,
    0.9027124709888635,
    0.9354416031199173,
    0.9263926381048628
  ],
  "cv": "GroupKFold(Race)",
  "metric": "roc_auc",
  "delta_vs_baseline_bp": -42.06876365231982,
  "delta_vs_m3_bp": -0.6687636523194929,
  "best_iters": [
    546,
    245,
    290,
    413,
    44
  ],
  "fold_walls_s": [
    55.011358976364136,
    28.446264505386353,
    31.922072649002075,
    43.8995566368103,
    9.481969833374023
  ]
}