{
  "oof_score": 0.945963245327149,
  "fold_std": 0.0007108631358460829,
  "fold_scores": [
    0.9469483260620083,
    0.9450902512626822,
    0.9464574321439849,
    0.9452368288713361,
    0.9461129190893227
  ],
  "cv": "StratifiedKFold(5)",
  "metric": "roc_auc",
  "delta_vs_baseline_bp": 52.13245327149063,
  "delta_vs_m3_bp": -1.5675467285092282,
  "best_iters": [
    799,
    799,
    799,
    799,
    799
  ],
  "fold_walls_s": [
    73.64900493621826,
    72.80092573165894,
    72.57845902442932,
    73.08374571800232,
    72.64102959632874
  ]
}