{
  "strat": {
    "suffix": "strat",
    "penalty": "l1",
    "C": 1.0,
    "auc_oof": 0.9473840054353377,
    "delta_bp": 66.34005435337764,
    "nonzero_coefs": 15,
    "total_coefs": 15,
    "top_nonzero": [
      [
        "logit_m3_catboost",
        0.6342142114147725
      ],
      [
        "rank_m3_catboost",
        0.5105258133358183
      ],
      [
        "rank_m2_xgb",
        0.5064365847783567
      ],
      [
        "logit_m2_xgb",
        0.46161071455899616
      ],
      [
        "raw_baseline",
        -0.45570915252402416
      ],
      [
        "raw_m2_xgb",
        -0.4431478264351977
      ],
      [
        "logit_m4_relstate",
        0.3737953003562437
      ],
      [
        "raw_m4_relstate",
        -0.36314763561070873
      ],
      [
        "raw_m3_catboost",
        0.3155086624817218
      ],
      [
        "logit_d2a_te",
        -0.28794476128320184
      ]
    ],
    "results": [
      [
        "l1",
        1.0,
        0.9473840054353377
      ],
      [
        "l1",
        0.3,
        0.9473817570740651
      ],
      [
        "l1",
        10.0,
        0.9473761246538397
      ],
      [
        "l1",
        0.1,
        0.9473743912736197
      ],
      [
        "l2",
        1.0,
        0.9473729567509364
      ],
      [
        "l1",
        0.03,
        0.9473710571218581
      ],
      [
        "l1",
        0.01,
        0.9473443509182665
      ]
    ]
  },
  "groupkf": {
    "suffix": "groupkf",
    "penalty": "l1",
    "C": 0.3,
    "auc_oof": 0.9248943504259797,
    "delta_bp": 43.04350425979653,
    "nonzero_coefs": 14,
    "total_coefs": 15,
    "top_nonzero": [
      [
        "raw_m4_relstate",
        -3.2487846636762043
      ],
      [
        "rank_m2_xgb",
        2.6230563815416854
      ],
      [
        "rank_d2a_te",
        -1.900315316527745
      ],
      [
        "rank_m3_catboost",
        1.1749224680891808
      ],
      [
        "logit_m4_relstate",
        1.0025225821275436
      ],
      [
        "raw_m3_catboost",
        0.7866258540173832
      ],
      [
        "rank_m4_relstate",
        0.6513332880789756
      ],
      [
        "raw_d2a_te",
        0.6456159514250369
      ],
      [
        "raw_baseline",
        -0.2777672129402623
      ],
      [
        "logit_d2a_te",
        0.11653403551143154
      ]
    ],
    "results": [
      [
        "l1",
        0.3,
        0.9248943504259797
      ],
      [
        "l1",
        10.0,
        0.924893343823303
      ],
      [
        "l1",
        1.0,
        0.9248924024513431
      ],
      [
        "l1",
        0.1,
        0.9248723361165383
      ],
      [
        "l2",
        1.0,
        0.9248335781720776
      ],
      [
        "l1",
        0.03,
        0.9247173172547023
      ],
      [
        "l1",
        0.01,
        0.9245997747896207
      ]
    ]
  }
}