{
  "oof_score": 0.9487613755512512,
  "fold_std": 0.0006986053630456212,
  "fold_scores": [
    0.9497730287874956,
    0.9478939127173884,
    0.9489778434499313,
    0.9480648267980419,
    0.9491252872844023
  ],
  "cv": "StratifiedKFold(5)",
  "metric": "roc_auc",
  "delta_vs_baseline_bp": 80.11375551251199,
  "fold_walls_s": [
    17.343945741653442,
    15.477144002914429,
    17.49801015853882,
    17.6851065158844,
    13.553490400314331
  ]
}