{
  "oof_score": 0.9278543631009151,
  "fold_std": 0.011299017966741426,
  "fold_scores": [
    0.9204494481619911,
    0.9189460488761549,
    0.915084084985203,
    0.9437696955992005,
    0.9373646923578882
  ],
  "cv": "GroupKFold(Race)",
  "metric": "roc_auc",
  "delta_vs_baseline_bp": 72.6436310091505,
  "fold_walls_s": [
    18.090267419815063,
    17.85642099380493,
    16.74931311607361,
    19.489801168441772,
    15.123456478118896
  ]
}