{
  "oof_score": 0.9258525116013041,
  "fold_scores": [
    0.9224527562982987,
    0.9170918317873686,
    0.913187263285866,
    0.9430748057072001,
    0.934996987102852
  ],
  "cv": "GroupKF(Race)",
  "delta_vs_baseline_bp": 52.62511601304087,
  "best_params": {
    "lr": 0.017739639246790825,
    "num_leaves": 229,
    "min_data_leaf": 103,
    "feature_frac": 0.6575935831140413,
    "bagging_frac": 0.7647859924409988,
    "bagging_freq": 4,
    "l1": 3.819433130462022e-05,
    "l2": 0.00019363249015436128,
    "max_depth": 10
  }
}