{
  "oof_score": 0.9473599720318847,
  "fold_scores": [
    0.9486726813927707,
    0.9465551594966874,
    0.9471538833946115,
    0.9467605086969919,
    0.9476876574367458
  ],
  "cv": "StratKF",
  "delta_vs_baseline_bp": 66.09972031884736,
  "best_params": {
    "lr": 0.017739639246790825,
    "num_leaves": 229,
    "min_data_leaf": 103,
    "feature_frac": 0.6575935831140413,
    "bagging_frac": 0.7647859924409988,
    "bagging_freq": 4,
    "l1": 3.819433130462022e-05,
    "l2": 0.00019363249015436128,
    "max_depth": 10
  },
  "n_trials": 30
}