{
  "oof_score": 0.9487042273923249,
  "fold_std": 0.0008315253794842556,
  "fold_scores": [
    0.9498732276914739,
    0.9478806932167226,
    0.9487981491742559,
    0.9476795702223779,
    0.9492989342465077
  ],
  "cv": "StratKF",
  "metric": "roc_auc",
  "delta_vs_baseline_bp": 79.54227392324876,
  "hp": {
    "max_iter": 2000,
    "learning_rate": 0.05,
    "max_leaf_nodes": 127,
    "min_samples_leaf": 100,
    "l2_regularization": 0.1,
    "early_stopping": true,
    "validation_fraction": 0.1,
    "n_iter_no_change": 50,
    "random_state": 123,
    "categorical_features": "from_dtype"
  }
}