{
  "oof_score": 0.927391510484005,
  "fold_std": 0.01094891486839347,
  "fold_scores": [
    0.9206735281275821,
    0.9191085647969671,
    0.9147911532822998,
    0.9433667691029072,
    0.9359669702317774
  ],
  "cv": "GroupKF(Race)",
  "metric": "roc_auc",
  "delta_vs_baseline_bp": 68.01510484005013,
  "hp": {
    "max_iter": 2000,
    "learning_rate": 0.05,
    "max_leaf_nodes": 127,
    "min_samples_leaf": 100,
    "l2_regularization": 0.1,
    "early_stopping": true,
    "validation_fraction": 0.1,
    "n_iter_no_change": 50,
    "random_state": 123,
    "categorical_features": "from_dtype"
  }
}