{
  "oof_score": 0.9486146016079675,
  "fold_std": 0.0007216891017652365,
  "fold_scores": [
    0.9496562031296675,
    0.9478009890545235,
    0.9486750401850697,
    0.9478376942551656,
    0.9491146672745462
  ],
  "cv": "StratKF",
  "metric": "roc_auc",
  "delta_vs_baseline_bp": 78.64601607967536,
  "hp": {
    "max_iter": 1500,
    "learning_rate": 0.05,
    "max_leaf_nodes": 31,
    "min_samples_leaf": 400,
    "l2_regularization": 0.1,
    "early_stopping": true,
    "validation_fraction": 0.1,
    "n_iter_no_change": 50,
    "random_state": 7,
    "categorical_features": "from_dtype"
  }
}