{
  "oof_score": 0.9108388485050875,
  "fold_std": 0.017100824984051275,
  "fold_scores": [
    0.9005193540852577,
    0.9001181908412774,
    0.8965769479703866,
    0.9297272342242017,
    0.9373120936971785
  ],
  "cv": "GroupKFold(Race)",
  "metric": "roc_auc",
  "delta_vs_baseline_bp": -97.51151494912568
}