{
  "oof_score": 0.9450694106176207,
  "fold_std": 0.0005544186023239563,
  "fold_scores": [
    0.9459746662682611,
    0.9445504319403722,
    0.9450843373397549,
    0.9444474531444871,
    0.9453167168523474
  ],
  "cv": "StratifiedKFold(5)",
  "metric": "roc_auc",
  "delta_vs_baseline_bp": 43.194106176207555
}