{
  "oof_strat": 0.9473729567509364,
  "oof_groupkf": 0.9248335781720776,
  "delta_strat_bp": 66.22956750936382,
  "delta_groupkf_bp": 42.435781720775445,
  "pool_models": [
    "baseline",
    "d2a_te",
    "m2_xgb",
    "m3_catboost",
    "m4_relstate"
  ],
  "coef_strat": [
    -0.2741581960857337,
    -0.1643298997534452,
    -0.20126738205527345,
    -0.044069262739090724,
    -0.22585350003783344,
    0.07646031396458336,
    0.07089052647760387,
    0.14077357780823513,
    0.14401500898124647,
    0.1261341777001113,
    -0.1922246207427494,
    -0.2355519305117618,
    0.4524888086344221,
    0.7282206997911178,
    0.3647540932505381
  ],
  "coef_groupkf": [
    -1.0866125521093521,
    1.1875421286063141,
    0.2007017812634646,
    0.4560064534396816,
    -2.770539190113224,
    -0.03277067146606763,
    -1.8550556718816498,
    2.890421003422386,
    1.145189340327571,
    0.37624643167870403,
    0.13513269772115766,
    0.02895543096312503,
    -0.08762195546920962,
    0.03299173584709296,
    0.9429904666101139
  ],
  "feature_names": [
    "raw_baseline",
    "raw_d2a_te",
    "raw_m2_xgb",
    "raw_m3_catboost",
    "raw_m4_relstate",
    "rank_baseline",
    "rank_d2a_te",
    "rank_m2_xgb",
    "rank_m3_catboost",
    "rank_m4_relstate",
    "logit_baseline",
    "logit_d2a_te",
    "logit_m2_xgb",
    "logit_m3_catboost",
    "logit_m4_relstate"
  ]
}