{
  "strat": {
    "oof": 0.9492613464629227,
    "delta_bp": 85.11346462922731,
    "coefs": {
      "raw_baseline": -0.167032329219812,
      "raw_d2a_te": -0.0930398147106103,
      "raw_m2_xgb": -0.11676253196658415,
      "raw_m3_catboost": -0.08023390999194156,
      "raw_m4_relstate": -0.11050952102075104,
      "raw_e1_cb_sub": -0.0883949740826658,
      "raw_e3_hgbc": -0.044512138507336416,
      "rank_baseline": 0.034358812285722094,
      "rank_d2a_te": 0.038253598618590935,
      "rank_m2_xgb": 0.06747527772486722,
      "rank_m3_catboost": 0.06524608287865744,
      "rank_m4_relstate": 0.07152306572917995,
      "rank_e1_cb_sub": 0.05540445064509813,
      "rank_e3_hgbc": 0.1030723125585743,
      "logit_baseline": -0.20051753567705746,
      "logit_d2a_te": -0.1320848550670821,
      "logit_m2_xgb": 0.16643154079423544,
      "logit_m3_catboost": 0.2078393421030276,
      "logit_m4_relstate": 0.24948661692424434,
      "logit_e1_cb_sub": 0.10307000607472656,
      "logit_e3_hgbc": 0.6906066886754844
    }
  },
  "groupkf": {
    "oof": 0.9287107144839417,
    "delta_bp": 81.20714483941694,
    "coefs": {
      "raw_baseline": -0.6042160146067869,
      "raw_d2a_te": 0.6370703875621209,
      "raw_m2_xgb": 0.6729834814608819,
      "raw_m3_catboost": 1.1147927790013465,
      "raw_m4_relstate": -1.4283094136639758,
      "raw_e1_cb_sub": -0.5965878875710774,
      "raw_e3_hgbc": -0.8428392871751742,
      "rank_baseline": 0.4926115205143988,
      "rank_d2a_te": -0.6527701156469596,
      "rank_m2_xgb": 0.5991254225081399,
      "rank_m3_catboost": 0.3844259326464115,
      "rank_m4_relstate": 0.717246597424447,
      "rank_e1_cb_sub": 0.4801381608901253,
      "rank_e3_hgbc": -0.2875086335145164,
      "logit_baseline": -0.15533405836860137,
      "logit_d2a_te": -0.09548937554840325,
      "logit_m2_xgb": 0.0054343452555848,
      "logit_m3_catboost": -0.19618223643081575,
      "logit_m4_relstate": 0.41719828209713994,
      "logit_e1_cb_sub": 0.10363871488544282,
      "logit_e3_hgbc": 0.8571878228726778
    }
  },
  "pool": [
    "baseline",
    "d2a_te",
    "m2_xgb",
    "m3_catboost",
    "m4_relstate",
    "e1_cb_sub",
    "e3_hgbc"
  ]
}