{
  "strat": {
    "oof": 0.9504238236786765,
    "delta_base_bp": 96.7382367867653,
    "delta_m5c_bp": 4.238236786765492,
    "delta_m5d_bp": 1.9382367867648576,
    "delta_m5e_bp": 1.5382367867655677,
    "coefs": {
      "raw_baseline": -0.10008667131988318,
      "raw_d2a_te": -0.008326555451095442,
      "raw_m2_xgb": -0.13353877849440307,
      "raw_m3_catboost": -0.10233378509924464,
      "raw_m4_relstate": -0.11522261347497063,
      "raw_e1_cb_sub": -0.08580605694965798,
      "raw_e3_hgbc": -0.11479043392293439,
      "raw_e5_optuna_lgbm": -0.12208811623213171,
      "raw_a_horizon": -0.14222688677014525,
      "raw_b_lapsuntilpit": 0.35986540650290166,
      "raw_f1_hgbc_deep": -0.06559239403386105,
      "raw_f2_hgbc_shallow": -0.0437773656763743,
      "raw_cb_year-cat": -0.06630709293241854,
      "raw_cb_lossguide": -0.09035454907111946,
      "raw_cb_slow-wide-bag": 0.1556278231866173,
      "rank_baseline": -0.04423234267973263,
      "rank_d2a_te": -0.06499723797323326,
      "rank_m2_xgb": -0.0034996078486885943,
      "rank_m3_catboost": -0.008332746529788354,
      "rank_m4_relstate": -0.020087220794631783,
      "rank_e1_cb_sub": -0.026200607656256224,
      "rank_e3_hgbc": 0.009728510863429681,
      "rank_e5_optuna_lgbm": 0.04608468240915671,
      "rank_a_horizon": -0.03183201770707292,
      "rank_b_lapsuntilpit": 0.3385567667477031,
      "rank_f1_hgbc_deep": 0.005406715417332222,
      "rank_f2_hgbc_shallow": 0.005763253675674563,
      "rank_cb_year-cat": 0.03139524052903999,
      "rank_cb_lossguide": 0.026304255408149044,
      "rank_cb_slow-wide-bag": 0.1560191952628571,
      "logit_baseline": -0.19233015524209776,
      "logit_d2a_te": -0.10783728435392861,
      "logit_m2_xgb": -0.0592102530283933,
      "logit_m3_catboost": -0.0014112167767263745,
      "logit_m4_relstate": -0.005716862769330067,
      "logit_e1_cb_sub": -0.13937502106759192,
      "logit_e3_hgbc": 0.19962691596337254,
      "logit_e5_optuna_lgbm": 0.5250409282267697,
      "logit_a_horizon": 0.023203562032126406,
      "logit_b_lapsuntilpit": -0.006941686961306367,
      "logit_f1_hgbc_deep": 0.2510307153137315,
      "logit_f2_hgbc_shallow": 0.1660673314752957,
      "logit_cb_year-cat": 0.2525606396356295,
      "logit_cb_lossguide": 0.1558948283692462,
      "logit_cb_slow-wide-bag": 0.04526808460173887
    }
  },
  "groupkf": {
    "oof": 0.9310525399862373,
    "delta_base_bp": 104.62539986237252,
    "delta_m5c_bp": 14.225399862373145,
    "delta_m5d_bp": 11.12539986237282,
    "delta_m5e_bp": 2.125399862372701
  },
  "pool": [
    "baseline",
    "d2a_te",
    "m2_xgb",
    "m3_catboost",
    "m4_relstate",
    "e1_cb_sub",
    "e3_hgbc",
    "e5_optuna_lgbm",
    "a_horizon",
    "b_lapsuntilpit",
    "f1_hgbc_deep",
    "f2_hgbc_shallow",
    "cb_year-cat",
    "cb_lossguide",
    "cb_slow-wide-bag"
  ]
}