{
  "winner": "m5i_full14",
  "full14": {
    "strat": 0.9504263227145975,
    "groupkf": 0.9309558249243644,
    "delta_m5h_strat_bp": -0.03677285402514663,
    "delta_m5h_groupkf_bp": 0.8582492436437494,
    "l1_strat": {
      "baseline": 0.36795459177841344,
      "d2a_te": 0.19595010869993928,
      "m2_xgb": 0.19442476928676444,
      "e1_cb_sub": 0.3112231260157614,
      "e3_hgbc": 0.32794085827091013,
      "e5_optuna_lgbm": 0.6672314961458916,
      "a_horizon": 0.1560136427184415,
      "b_lapsuntilpit": 0.7735884150279059,
      "f1_hgbc_deep": 0.34653684939664264,
      "f2_hgbc_shallow": 0.24185905598513496,
      "cb_year-cat": 0.3879667483836383,
      "cb_lossguide": 0.28823028155560493,
      "cb_slow-wide-bag": 0.2901794860460998,
      "d3a_te_unified": 0.07934100885621144
    },
    "l1_groupkf": {
      "baseline": 1.3349306690126392,
      "d2a_te": 1.2252613537278518,
      "m2_xgb": 1.4465597713791647,
      "e1_cb_sub": 1.304362370251505,
      "e3_hgbc": 0.655191053503742,
      "e5_optuna_lgbm": 2.3108162479331114,
      "a_horizon": 1.37977835487191,
      "b_lapsuntilpit": 0.4935003953732065,
      "f1_hgbc_deep": 1.1929278441585232,
      "f2_hgbc_shallow": 0.925620642206944,
      "cb_year-cat": 1.386430710895944,
      "cb_lossguide": 1.3880344843800176,
      "cb_slow-wide-bag": 0.30680606869039007,
      "d3a_te_unified": 1.0557726919686827
    },
    "median_l1_strat": 0.3007013060309306
  },
  "pruned": {
    "strat": 0.950227303993955,
    "groupkf": 0.9299123418092713,
    "delta_m5h_strat_bp": -2.0269600604494453,
    "delta_m5h_groupkf_bp": -9.57658190728683,
    "survivors": [
      "baseline",
      "e1_cb_sub",
      "e3_hgbc",
      "e5_optuna_lgbm",
      "b_lapsuntilpit",
      "f1_hgbc_deep",
      "cb_year-cat"
    ],
    "dropped": [
      "d2a_te",
      "m2_xgb",
      "a_horizon",
      "f2_hgbc_shallow",
      "cb_lossguide",
      "cb_slow-wide-bag",
      "d3a_te_unified"
    ]
  },
  "winner_pool": [
    "baseline",
    "d2a_te",
    "m2_xgb",
    "e1_cb_sub",
    "e3_hgbc",
    "e5_optuna_lgbm",
    "a_horizon",
    "b_lapsuntilpit",
    "f1_hgbc_deep",
    "f2_hgbc_shallow",
    "cb_year-cat",
    "cb_lossguide",
    "cb_slow-wide-bag",
    "d3a_te_unified"
  ],
  "winner_coefs": {
    "raw_baseline": -0.13821052613414184,
    "raw_d2a_te": -0.04740701526187326,
    "raw_m2_xgb": -0.15001398173487301,
    "raw_e1_cb_sub": -0.12225653501856056,
    "raw_e3_hgbc": -0.12486073017089526,
    "raw_e5_optuna_lgbm": -0.12747175428014124,
    "raw_a_horizon": -0.11061518022873384,
    "raw_b_lapsuntilpit": 0.38335840296365997,
    "raw_f1_hgbc_deep": -0.08485561221180307,
    "raw_f2_hgbc_shallow": -0.0741857292250394,
    "raw_cb_year-cat": -0.0855606048003667,
    "raw_cb_lossguide": -0.1079995471923298,
    "raw_cb_slow-wide-bag": 0.11771084482022409,
    "raw_d3a_te_unified": 0.004886452598116982,
    "rank_baseline": -0.03838679554320861,
    "rank_d2a_te": -0.05070061386313343,
    "rank_m2_xgb": -0.005379609076660802,
    "rank_e1_cb_sub": -0.02767299073670068,
    "rank_e3_hgbc": 0.006197628907486869,
    "rank_e5_optuna_lgbm": 0.039414531511239186,
    "rank_a_horizon": -0.026750246304218073,
    "rank_b_lapsuntilpit": 0.3815487235698365,
    "rank_f1_hgbc_deep": 0.004645943920122673,
    "rank_f2_hgbc_shallow": 0.0026213504185091372,
    "rank_cb_year-cat": 0.026729549565098352,
    "rank_cb_lossguide": 0.02043552491831471,
    "rank_cb_slow-wide-bag": 0.11799802280757764,
    "rank_d3a_te_unified": -0.050591385191660565,
    "logit_baseline": -0.191357270101063,
    "logit_d2a_te": -0.09784247957493258,
    "logit_m2_xgb": -0.039031178475230646,
    "logit_e1_cb_sub": -0.1612936002605002,
    "logit_e3_hgbc": 0.19688249919252798,
    "logit_e5_optuna_lgbm": 0.5003452103545112,
    "logit_a_horizon": 0.018648216185489595,
    "logit_b_lapsuntilpit": -0.008681288494409408,
    "logit_f1_hgbc_deep": 0.2570352932647169,
    "logit_f2_hgbc_shallow": 0.16505197634158641,
    "logit_cb_year-cat": 0.2756765940181733,
    "logit_cb_lossguide": 0.15979520944496042,
    "logit_cb_slow-wide-bag": 0.054470618418298006,
    "logit_d3a_te_unified": -0.023863171066433896
  }
}