{
  "winner": "K_add15_with_d3a",
  "winner_pool": [
    "baseline",
    "d2a_te",
    "m2_xgb",
    "e1_cb_sub",
    "e3_hgbc",
    "e5_optuna_lgbm",
    "a_horizon",
    "b_lapsuntilpit",
    "f1_hgbc_deep",
    "f2_hgbc_shallow",
    "cb_year-cat",
    "cb_lossguide",
    "cb_slow-wide-bag",
    "d3a_te_unified",
    "d3b_seqfe"
  ],
  "winner_strat": 0.9504464937113546,
  "winner_groupkf": 0.9310211245478616,
  "winner_l1_strat": {
    "baseline": 0.3239410988787367,
    "d2a_te": 0.5944186529961057,
    "m2_xgb": 0.27590799807462435,
    "e1_cb_sub": 0.2643801173722724,
    "e3_hgbc": 0.4812384684531882,
    "e5_optuna_lgbm": 1.1033476189507858,
    "a_horizon": 0.7608871380215295,
    "b_lapsuntilpit": 0.7708310916604973,
    "f1_hgbc_deep": 0.3246454137307341,
    "f2_hgbc_shallow": 0.22182045614169993,
    "cb_year-cat": 0.5040539166477749,
    "cb_lossguide": 0.43548420842075,
    "cb_slow-wide-bag": 1.375097350235127,
    "d3a_te_unified": 0.854940741874156,
    "d3b_seqfe": 0.3161852297034122
  },
  "all_variants": {
    "K_add14": {
      "strat": 0.9504376044727406,
      "groupkf": 0.9309555369331912,
      "K": 14,
      "pool": [
        "baseline",
        "d2a_te",
        "m2_xgb",
        "e1_cb_sub",
        "e3_hgbc",
        "e5_optuna_lgbm",
        "a_horizon",
        "b_lapsuntilpit",
        "f1_hgbc_deep",
        "f2_hgbc_shallow",
        "cb_year-cat",
        "cb_lossguide",
        "cb_slow-wide-bag",
        "d3b_seqfe"
      ],
      "l1_strat": {
        "baseline": 0.33058151622912146,
        "d2a_te": 0.2073241511386044,
        "m2_xgb": 0.1852746012247753,
        "e1_cb_sub": 0.3027398634909263,
        "e3_hgbc": 0.3171397111741316,
        "e5_optuna_lgbm": 0.6530947684565303,
        "a_horizon": 0.16554780895276283,
        "b_lapsuntilpit": 0.7789154393499236,
        "f1_hgbc_deep": 0.33372660049537384,
        "f2_hgbc_shallow": 0.2232784725902103,
        "cb_year-cat": 0.36459648971770486,
        "cb_lossguide": 0.2739101829258338,
        "cb_slow-wide-bag": 0.29741464459367445,
        "d3b_seqfe": 0.1561548017540944
      }
    },
    "K_swap_d2a": {
      "strat": 0.950386789744637,
      "groupkf": 0.9308941756833338,
      "K": 13,
      "pool": [
        "baseline",
        "m2_xgb",
        "e1_cb_sub",
        "e3_hgbc",
        "e5_optuna_lgbm",
        "a_horizon",
        "b_lapsuntilpit",
        "f1_hgbc_deep",
        "f2_hgbc_shallow",
        "cb_year-cat",
        "cb_lossguide",
        "cb_slow-wide-bag",
        "d3b_seqfe"
      ],
      "l1_strat": {
        "baseline": 0.40664256038874164,
        "m2_xgb": 0.21536615780276835,
        "e1_cb_sub": 0.37017290462448194,
        "e3_hgbc": 0.3158252714598661,
        "e5_optuna_lgbm": 0.6548966394262634,
        "a_horizon": 0.1460185093350233,
        "b_lapsuntilpit": 0.6622094233419971,
        "f1_hgbc_deep": 0.3283379577152925,
        "f2_hgbc_shallow": 0.2442245954524497,
        "cb_year-cat": 0.3660046221200691,
        "cb_lossguide": 0.283777091880047,
        "cb_slow-wide-bag": 0.3028283607583727,
        "d3b_seqfe": 0.17512441510180266
      }
    },
    "K_swap_baseline": {
      "strat": 0.9503903809802494,
      "groupkf": 0.930930244007566,
      "K": 13,
      "pool": [
        "d2a_te",
        "m2_xgb",
        "e1_cb_sub",
        "e3_hgbc",
        "e5_optuna_lgbm",
        "a_horizon",
        "b_lapsuntilpit",
        "f1_hgbc_deep",
        "f2_hgbc_shallow",
        "cb_year-cat",
        "cb_lossguide",
        "cb_slow-wide-bag",
        "d3b_seqfe"
      ],
      "l1_strat": {
        "d2a_te": 1.5181456380714549,
        "m2_xgb": 0.34164008410415114,
        "e1_cb_sub": 0.7374280868162321,
        "e3_hgbc": 0.7627268286861558,
        "e5_optuna_lgbm": 1.4453512660445815,
        "a_horizon": 0.9936557552486978,
        "b_lapsuntilpit": 0.7886444020178272,
        "f1_hgbc_deep": 0.5681801409353235,
        "f2_hgbc_shallow": 0.7083705389918311,
        "cb_year-cat": 0.34318145945275697,
        "cb_lossguide": 0.25731749298052636,
        "cb_slow-wide-bag": 3.0923300195162673,
        "d3b_seqfe": 0.650595554564009
      }
    },
    "K_add15_with_d3a": {
      "strat": 0.9504464937113546,
      "groupkf": 0.9310211245478616,
      "K": 15,
      "pool": [
        "baseline",
        "d2a_te",
        "m2_xgb",
        "e1_cb_sub",
        "e3_hgbc",
        "e5_optuna_lgbm",
        "a_horizon",
        "b_lapsuntilpit",
        "f1_hgbc_deep",
        "f2_hgbc_shallow",
        "cb_year-cat",
        "cb_lossguide",
        "cb_slow-wide-bag",
        "d3a_te_unified",
        "d3b_seqfe"
      ],
      "l1_strat": {
        "baseline": 0.3239410988787367,
        "d2a_te": 0.5944186529961057,
        "m2_xgb": 0.27590799807462435,
        "e1_cb_sub": 0.2643801173722724,
        "e3_hgbc": 0.4812384684531882,
        "e5_optuna_lgbm": 1.1033476189507858,
        "a_horizon": 0.7608871380215295,
        "b_lapsuntilpit": 0.7708310916604973,
        "f1_hgbc_deep": 0.3246454137307341,
        "f2_hgbc_shallow": 0.22182045614169993,
        "cb_year-cat": 0.5040539166477749,
        "cb_lossguide": 0.43548420842075,
        "cb_slow-wide-bag": 1.375097350235127,
        "d3a_te_unified": 0.854940741874156,
        "d3b_seqfe": 0.3161852297034122
      }
    }
  }
}