{
  "C_geomean": {
    "strat": 0.9485966003702831
  },
  "C_meanrank": {
    "strat": 0.9481736055755549
  },
  "A_hillclimb": {
    "strat": 0.9497052067582006,
    "in_sample": 0.949969066974493,
    "weights": [
      0.0,
      0.0,
      0.0,
      0.0,
      0.16,
      0.18,
      0.0,
      0.0,
      0.28,
      0.16,
      0.06,
      0.14,
      0.02
    ]
  },
  "B_lgbm_meta": {
    "strat": 0.9503716213419512
  },
  "D_L1_LR_C0.1": {
    "strat": 0.9498474157876264,
    "coefs": [
      -0.8423893021435561,
      -0.4352572558452322,
      -0.2778214420906397,
      -1.6903326521063455,
      0.711454177060079,
      1.8284980765248577,
      0.1667731947389755,
      0.5283690595899351,
      1.1772033437275133,
      0.7303688994586607,
      -0.6980295758401028,
      0.45687967914328065,
      9.528835436391711
    ],
    "n_nonzero": 13
  },
  "D_L1_LR_C1.0": {
    "strat": 0.9498456976983973,
    "coefs": [
      -0.8824580804083118,
      -0.41992483413804466,
      -0.3701754578180403,
      -1.7785924119513854,
      0.7220248925574317,
      1.9363972836967682,
      0.1669231394232738,
      0.5580044822519784,
      1.167487248366774,
      0.7621199923834504,
      -0.8223716836596745,
      0.512512784071761,
      9.768253093763313
    ],
    "n_nonzero": 13
  },
  "D_L1_LR_C10.0": {
    "strat": 0.9498449011028405,
    "coefs": [
      -0.8857066725077891,
      -0.4184628485462615,
      -0.3786744155572456,
      -1.789159607439753,
      0.7228747551994683,
      1.9458570035828837,
      0.16563837737333378,
      0.5618778407178847,
      1.1666643325328938,
      0.7646790373696996,
      -0.840331533669698,
      0.5178941017744805,
      9.810662891243688
    ],
    "n_nonzero": 13
  },
  "D2_L1expand_C0.1": {
    "strat": 0.9504403288718402,
    "coefs": [
      -0.07422287580130543,
      0.0,
      -0.2576064440904439,
      0.0,
      -0.26891306624462724,
      -0.23345322749614839,
      -0.23713870351222344,
      0.33973816639744403,
      0.0,
      0.0,
      0.0,
      -0.003350966388860743,
      0.7865516075393073,
      0.0,
      -0.027873745374711646,
      0.0,
      0.0,
      0.0,
      0.13083706986745658,
      0.0,
      0.3039039340882481,
      -0.5675140794294113,
      0.04911449798803345,
      0.0,
      0.038501550499498806,
      0.47173265089105376,
      -0.2003575394985791,
      -0.12200672407976962,
      -0.02291710245353635,
      -0.1870047521130598,
      0.22200145019053225,
      0.5007511251143073,
      0.039180397216506666,
      -0.004391385430905619,
      0.2812218430961239,
      0.14976095965672787,
      0.21791010745242756,
      0.13955955620077215,
      0.002934042555567721
    ],
    "n_nonzero": 28
  },
  "D2_L1expand_C1.0": {
    "strat": 0.9504526181110786,
    "coefs": [
      -0.13359555333868975,
      0.22189402681150797,
      -0.16073276686319884,
      -0.20219568152327946,
      -0.2225526642433144,
      -0.6716673608828663,
      -0.4544467701080542,
      0.3544113408968577,
      -0.10854424259688666,
      0.4168390748061027,
      -0.026882779200652712,
      -0.10009638251071865,
      1.146757643178813,
      -0.9374730626358734,
      -0.6130160282539945,
      0.03970238171514875,
      -0.29605771107546175,
      -0.030270956557358134,
      0.3119227454485306,
      0.15807373052723594,
      0.3431577662718246,
      0.3571321018265405,
      0.020916236921797803,
      0.4258700112643324,
      0.23651626218217273,
      -0.10420913713440248,
      -0.11644459331879298,
      -0.10672249917341595,
      -0.045652871964993756,
      -0.13017488390593088,
      0.2151728346544403,
      0.5676515859675393,
      0.05104819487955096,
      -0.005836877429541398,
      0.22683358237870327,
      0.08596822803151634,
      0.20210368973714934,
      0.14359310311983803,
      0.0010185418424512515
    ],
    "n_nonzero": 39
  },
  "D2_L1expand_C10.0": {
    "strat": 0.9504582606819193,
    "coefs": [
      0.1827833674617466,
      -0.07741613097574904,
      -0.38619494906712315,
      0.014578855619583452,
      -0.3954276174346059,
      -0.5994879088681258,
      -0.43561304824410596,
      0.39496122297878833,
      0.03251559954093597,
      0.33070784246716456,
      -0.07778738566229751,
      -0.08485247456639848,
      0.9788136299815124,
      -0.08330297047587817,
      -1.284311210363948,
      0.027857957308515466,
      -0.18414105105408787,
      -0.34774806897620286,
      0.35968436999977077,
      0.09635998245320736,
      0.2995768771947594,
      -0.039168641980150874,
      -0.038643520123037955,
      0.3268311694093712,
      0.2573525216779072,
      0.6968793953838519,
      -0.2389199802369707,
      0.009237957112317109,
      -0.006784970989621246,
      -0.18688994068470263,
      0.2664402527767822,
      0.5493991639126058,
      0.057765218858897203,
      -0.005701472808011654,
      0.2307500565860632,
      0.10450195579483908,
      0.1894319425298282,
      0.13582344823297837,
      -0.005540442952889857
    ],
    "n_nonzero": 39
  },
  "winner": "D2_L1expand_C10.0",
  "pool": [
    "baseline",
    "d2a_te",
    "m2_xgb",
    "e1_cb_sub",
    "e3_hgbc",
    "e5_optuna_lgbm",
    "a_horizon",
    "b_lapsuntilpit",
    "f1_hgbc_deep",
    "f2_hgbc_shallow",
    "cb_year-cat",
    "cb_lossguide",
    "cb_slow-wide-bag"
  ]
}