{
  "M5t": {
    "K": 15,
    "strat": 0.9506206784313025,
    "delta_m5q_bp": 0.5067843130246441,
    "spearman_vs_m5q": 0.9996962374965784,
    "spearman_vs_m5h": 0.9990111246107237,
    "gate_vs_m5q": "TIE_EXPECTED",
    "gate_vs_m5h": "TIE_EXPECTED",
    "l1": {
      "baseline": 0.522022083412074,
      "d2a_te": 0.25556563592032355,
      "m2_xgb": 0.1911442268254909,
      "e1_cb_sub": 0.34054526591602896,
      "e3_hgbc": 0.315941138310197,
      "e5_optuna_lgbm": 0.6033077452240321,
      "a_horizon": 0.1516037204243821,
      "b_lapsuntilpit": 0.7128896967252192,
      "f1_hgbc_deep": 0.32975435208543646,
      "f2_hgbc_shallow": 0.22069251735073403,
      "cb_year-cat": 0.31311996766313543,
      "cb_lossguide": 0.29630645145333745,
      "cb_slow-wide-bag": 0.2729382832988587,
      "realmlp": 0.3818356413387553,
      "d3f_pseudo_lgbm": 0.2611742754076668
    },
    "pool": [
      "baseline",
      "d2a_te",
      "m2_xgb",
      "e1_cb_sub",
      "e3_hgbc",
      "e5_optuna_lgbm",
      "a_horizon",
      "b_lapsuntilpit",
      "f1_hgbc_deep",
      "f2_hgbc_shallow",
      "cb_year-cat",
      "cb_lossguide",
      "cb_slow-wide-bag",
      "realmlp",
      "d3f_pseudo_lgbm"
    ]
  },
  "M5u": {
    "K": 16,
    "strat": 0.950620034452848,
    "delta_m5q_bp": 0.5003445284801344,
    "spearman_vs_m5q": 0.9996567579212159,
    "spearman_vs_m5h": 0.9989473182779723,
    "gate_vs_m5q": "TIE_EXPECTED",
    "gate_vs_m5h": "PASS",
    "l1": {
      "baseline": 0.5211049576229971,
      "d2a_te": 0.22009603962593474,
      "m2_xgb": 0.203508925361562,
      "e1_cb_sub": 0.3165049571675823,
      "e3_hgbc": 0.323715549723818,
      "e5_optuna_lgbm": 0.5943296576929912,
      "a_horizon": 0.11806737149065571,
      "b_lapsuntilpit": 0.6619244400527604,
      "f1_hgbc_deep": 0.3484552299321201,
      "f2_hgbc_shallow": 0.2408792083990772,
      "cb_year-cat": 0.3186375088093145,
      "cb_lossguide": 0.2995537862767548,
      "cb_slow-wide-bag": 0.22963807227923377,
      "realmlp": 0.3800233495898263,
      "d3f_pseudo_lgbm": 0.2784338718499601,
      "d3e_ebm": 0.08985245472513861
    },
    "pool": [
      "baseline",
      "d2a_te",
      "m2_xgb",
      "e1_cb_sub",
      "e3_hgbc",
      "e5_optuna_lgbm",
      "a_horizon",
      "b_lapsuntilpit",
      "f1_hgbc_deep",
      "f2_hgbc_shallow",
      "cb_year-cat",
      "cb_lossguide",
      "cb_slow-wide-bag",
      "realmlp",
      "d3f_pseudo_lgbm",
      "d3e_ebm"
    ]
  }
}