{
  "oof_score": 0.9458222745589113,
  "fold_std": 0.0008393976169697067,
  "fold_scores": [
    0.9472826101892484,
    0.9452305887920213,
    0.9459339950632709,
    0.9448140712246427,
    0.9459352529207605
  ],
  "fold_walls": [
    2028.9168918132782,
    2008.1771721839905,
    2067.479730606079,
    2071.7865624427795,
    2076.8787138462067
  ],
  "cv": "StratifiedKFold(5)",
  "metric": "roc_auc",
  "delta_vs_baseline_bp": 50.722745589113494,
  "seed": 42,
  "n_folds": 5,
  "total_wall_s": 10487.253453731537,
  "e4_cpu_fold0": 0.94722,
  "notes": "RealMLP-TD GPU Strat-only (R1 dropped GroupKF Day-3+)."
}